Bar Name,Brand Name,Model,MAE,RMSE,WAPE
Anderson's Bar,Absolut,Mean,72.42891056910568,128.67027594431863,1.4858126770694748
Anderson's Bar,Absolut,Intermittent Mean,72.42891056910568,128.67027594431863,1.4858126770694748
Anderson's Bar,Absolut,MA-7,62.00033333333336,131.20390953270663,1.2718799789388755
Anderson's Bar,Absolut,MA-14,80.00223809523808,128.0024891018081,1.641172545905145
Anderson's Bar,Absolut,MA-30,94.80588888888884,129.59526237268258,1.9448558657740753
Anderson's Bar,Absolut,Croston,74.26820857274171,128.41605168186902,1.5235441888268348
Anderson's Bar,Absolut,SBA,72.99214814410465,128.5861917396896,1.4973669793854936
Anderson's Bar,Bacardi,Mean,140.75687164179104,192.11973168967563,1.2896200652501333
Anderson's Bar,Bacardi,Intermittent Mean,140.75687164179104,192.11973168967563,1.2896200652501333
Anderson's Bar,Bacardi,MA-7,138.972,192.9802358880343,1.2732670001649167
Anderson's Bar,Bacardi,MA-14,124.059,202.86341259081985,1.1366335000824583
Anderson's Bar,Bacardi,MA-30,123.29253333333334,203.49402559944275,1.1296111019490713
Anderson's Bar,Bacardi,Croston,129.3323754188558,198.8385223477649,1.1849483757430945
Anderson's Bar,Bacardi,SBA,128.32305664791298,199.56565522053634,1.1757009569559396
Anderson's Bar,Barefoot,Mean,101.29048594377512,125.71899122936127,1.6641281144754156
Anderson's Bar,Barefoot,Intermittent Mean,101.29048594377512,125.71899122936127,1.6641281144754156
Anderson's Bar,Barefoot,MA-7,79.9527142857143,127.32446442356746,1.3135642349009198
Anderson's Bar,Barefoot,MA-14,85.0708095238095,125.78644262559206,1.3976507717451083
Anderson's Bar,Barefoot,MA-30,92.70237777777776,124.83521354080258,1.523031819833042
Anderson's Bar,Barefoot,Croston,101.06410304140756,125.6692994813724,1.6604088100515477
Anderson's Bar,Barefoot,SBA,99.05424788933716,125.29033893856412,1.6273883695489701
Anderson's Bar,Budweiser,Mean,31.249347826086954,31.249347826086964,
Anderson's Bar,Budweiser,Intermittent Mean,31.24934782608695,31.24934782608696,
Anderson's Bar,Budweiser,MA-7,0.0,0.0,
Anderson's Bar,Budweiser,MA-14,0.0,0.0,
Anderson's Bar,Budweiser,MA-30,0.0,0.0,
Anderson's Bar,Budweiser,Croston,47.6775406893996,47.6775406893996,
Anderson's Bar,Budweiser,SBA,45.293663654929595,45.29366365492961,
Anderson's Bar,Captain Morgan,Mean,110.77082100750268,138.85453963795914,1.4020439752869294
Anderson's Bar,Captain Morgan,Intermittent Mean,110.77082100750265,138.85453963795914,1.402043975286929
Anderson's Bar,Captain Morgan,MA-7,95.27466666666668,144.04902012856599,1.2059066745422327
Anderson's Bar,Captain Morgan,MA-14,107.99066666666667,139.0081977198947,1.3668551177115855
Anderson's Bar,Captain Morgan,MA-30,113.59559999999998,139.05450862042076,1.4377976542063957
Anderson's Bar,Captain Morgan,Croston,112.74708483141946,138.95676512160608,1.4270578621814967
Anderson's Bar,Captain Morgan,SBA,111.06006392318184,138.8585248617916,1.4057049690724222
Anderson's Bar,Coors,Mean,130.1387054726368,192.2746382021111,1.2916352088991792
Anderson's Bar,Coors,Intermittent Mean,130.1387054726368,192.2746382021111,1.2916352088991792
Anderson's Bar,Coors,MA-7,100.75500000000001,212.2173896974515,1.0
Anderson's Bar,Coors,MA-14,100.75500000000001,212.2173896974515,1.0
Anderson's Bar,Coors,MA-30,113.8254,201.73846427739062,1.1297245794253388
Anderson's Bar,Coors,Croston,123.53040503255147,195.58778715252373,1.2260473925120488
Anderson's Bar,Coors,SBA,122.39163478092392,196.23211345401242,1.2147450228864465
Anderson's Bar,Grey Goose,Mean,86.91840286298573,102.44704123494297,2.1592309613785448
Anderson's Bar,Grey Goose,Intermittent Mean,86.91840286298564,102.44704123494297,2.1592309613785425
Anderson's Bar,Grey Goose,MA-7,75.58576190476191,98.85950896322,1.8777049734959026
Anderson's Bar,Grey Goose,MA-14,57.92004761904763,98.99517313217541,1.4388524867479515
Anderson's Bar,Grey Goose,MA-30,73.87700000000001,98.56190405695973,1.8352558316702965
Anderson's Bar,Grey Goose,Croston,73.72688384425328,98.53890215284758,1.8315266392252578
Anderson's Bar,Grey Goose,SBA,72.05325631870731,98.31702403619735,1.7899503072639957
Anderson's Bar,Heineken,Mean,94.89038036809819,154.04442809404176,1.5025236781217055
Anderson's Bar,Heineken,Intermittent Mean,94.89038036809819,154.04442809404176,1.5025236781217055
Anderson's Bar,Heineken,MA-7,63.153999999999996,165.7598527589436,1.0
Anderson's Bar,Heineken,MA-14,63.153999999999996,165.7598527589436,1.0
Anderson's Bar,Heineken,MA-30,73.60977777777777,160.44105963700332,1.1655600243496496
Anderson's Bar,Heineken,Croston,86.94548043209242,155.6994702580279,1.3767216713445298
Anderson's Bar,Heineken,SBA,85.75590641048782,156.02413366029901,1.3578855877773035
Anderson's Bar,Jack Daniels,Mean,90.01540932117531,112.7552714058714,1.672081806304068
Anderson's Bar,Jack Daniels,Intermittent Mean,90.01540932117531,112.7552714058714,1.672081806304068
Anderson's Bar,Jack Daniels,MA-7,192.5376666666666,205.06541823688033,3.576484647344011
Anderson's Bar,Jack Daniels,MA-14,129.1557619047619,133.46539334861558,2.399133673766343
Anderson's Bar,Jack Daniels,MA-30,104.25893333333336,116.5519879810436,1.9366624768580156
Anderson's Bar,Jack Daniels,Croston,100.59876261347978,115.12185218624778,1.868672952455616
Anderson's Bar,Jack Daniels,SBA,98.26054114947244,114.36931787647437,1.825239304832835
Anderson's Bar,Jameson,Mean,92.87883890577505,123.79710250544865,1.8948935483952312
Anderson's Bar,Jameson,Intermittent Mean,92.8788389057751,123.79710250544865,1.8948935483952318
Anderson's Bar,Jameson,MA-7,128.57809523809524,140.62674047539713,2.6232218878057596
Anderson's Bar,Jameson,MA-14,107.08580952380953,128.4329935257541,2.184741023702981
Anderson's Bar,Jameson,MA-30,91.17955555555555,123.47743950167127,1.8602251449659744
Anderson's Bar,Jameson,Croston,91.38778023540323,123.51382658050696,1.8644732988738877
Anderson's Bar,Jameson,SBA,89.26915789029975,123.18006779367677,1.8212496339301936
Anderson's Bar,Jim Beam,Mean,140.45014925373135,203.14638622122033,1.2362698863964803
Anderson's Bar,Jim Beam,Intermittent Mean,140.45014925373133,203.14638622122033,1.23626988639648
Anderson's Bar,Jim Beam,MA-7,165.01733333333334,198.0526310957407,1.4525150810975753
Anderson's Bar,Jim Beam,MA-14,149.2442857142857,199.2662972710871,1.313677608216725
Anderson's Bar,Jim Beam,MA-30,156.26013333333333,197.90849141290863,1.3754324812806609
Anderson's Bar,Jim Beam,Croston,141.99308938893358,202.29824403453046,1.249851149469523
Anderson's Bar,Jim Beam,SBA,140.57383491948696,203.07582649425404,1.2373585919960473
Anderson's Bar,Malibu,Mean,43.78973535353535,46.91005552391851,7.504667584153444
Anderson's Bar,Malibu,Intermittent Mean,43.78973535353535,46.91005552391851,7.504667584153444
Anderson's Bar,Malibu,MA-7,5.835,31.959611230426443,1.0
Anderson's Bar,Malibu,MA-14,5.835,31.959611230426443,1.0
Anderson's Bar,Malibu,MA-30,8.499666666666668,31.563427016089367,1.4566695229934306
Anderson's Bar,Malibu,Croston,52.31733272709229,54.041747974435026,8.966123860684197
Anderson's Bar,Malibu,SBA,49.9932160907377,52.035969393314915,8.56781766764999
Anderson's Bar,Miller,Mean,71.20233633633634,103.92218453819183,2.544212689785476
Anderson's Bar,Miller,Intermittent Mean,71.20233633633633,103.92218453819183,2.5442126897854758
Anderson's Bar,Miller,MA-7,128.7007619047619,135.637853808774,4.598755159892871
Anderson's Bar,Miller,MA-14,80.24790476190475,106.82500937845727,2.8674303137963535
Anderson's Bar,Miller,MA-30,61.13377777777779,101.85820996747283,2.1844414270627377
Anderson's Bar,Miller,Croston,72.34808911471045,104.23655095379742,2.585152901976361
Anderson's Bar,Miller,SBA,70.0342513256416,103.61807369654726,2.5024744988794967
Anderson's Bar,Smirnoff,Mean,134.68327642276424,226.06758127044742,1.3598373420083825
Anderson's Bar,Smirnoff,Intermittent Mean,134.68327642276424,226.06758127044742,1.3598373420083825
Anderson's Bar,Smirnoff,MA-7,155.03604761904765,223.83871336253682,1.565330251159061
Anderson's Bar,Smirnoff,MA-14,149.3152857142857,223.8109737501412,1.5075702540053277
Anderson's Bar,Smirnoff,MA-30,136.7649111111111,225.5444000708804,1.3808546847462344
Anderson's Bar,Smirnoff,Croston,134.61811428458458,226.0850266990586,1.3591794287831085
Anderson's Bar,Smirnoff,SBA,132.83939190368866,226.58615866270122,1.3412204573439528
Anderson's Bar,Sutter Home,Mean,103.86319393939394,158.01684518068555,1.983623619776942
Anderson's Bar,Sutter Home,Intermittent Mean,103.86319393939394,158.01684518068555,1.983623619776942
Anderson's Bar,Sutter Home,MA-7,52.36033333333333,166.0315925258403,1.0
Anderson's Bar,Sutter Home,MA-14,70.16833333333334,160.4085885377297,1.340104786702402
Anderson's Bar,Sutter Home,MA-30,118.35259999999997,160.41415807181386,2.26034848262998
Anderson's Bar,Sutter Home,Croston,120.09689764972427,160.8379474896512,2.293661823830844
Anderson's Bar,Sutter Home,SBA,116.7100694339047,160.04122585807346,2.228978732639302
Anderson's Bar,Yellow Tail,Mean,96.1921832829809,143.71611368501718,1.4224983479190336
Anderson's Bar,Yellow Tail,Intermittent Mean,96.1921832829809,143.71611368501718,1.4224983479190336
Anderson's Bar,Yellow Tail,MA-7,156.80152380952384,171.9185279112861,2.318794531506371
Anderson's Bar,Yellow Tail,MA-14,147.51909523809522,163.84089248133884,2.1815251728445655
Anderson's Bar,Yellow Tail,MA-30,108.11924444444442,143.2686246046604,1.5988767626577802
Anderson's Bar,Yellow Tail,Croston,91.43091139158656,144.86176492406403,1.3520882463042585
Anderson's Bar,Yellow Tail,SBA,90.24046582200724,145.2325758533537,1.3344838339890455
Brown's Bar,Absolut,Mean,75.62252525252525,95.16813260052577,1.8434926197553771
Brown's Bar,Absolut,Intermittent Mean,75.62252525252525,95.16813260052577,1.8434926197553771
Brown's Bar,Absolut,MA-7,50.87466666666666,98.11827937069965,1.2402002210232073
Brown's Bar,Absolut,MA-14,59.65704761904762,95.44294407003119,1.4542932365041186
Brown's Bar,Absolut,MA-30,64.28622222222222,94.7422426774644,1.5671412164943983
Brown's Bar,Absolut,Croston,78.33918742552262,95.71966668664365,1.9097182139095743
Brown's Bar,Absolut,SBA,76.47329472091315,95.32246486431407,1.8642323032140953
Brown's Bar,Bacardi,Mean,121.51351258811682,161.2092095104307,1.2563864820415318
Brown's Bar,Bacardi,Intermittent Mean,121.51351258811682,161.20920951043067,1.2563864820415318
Brown's Bar,Bacardi,MA-7,120.34295238095241,161.86478599152326,1.2442834986829474
Brown's Bar,Bacardi,MA-14,108.52980952380953,171.16155815784222,1.1221417493414738
Brown's Bar,Bacardi,MA-30,110.44346666666667,169.3408784936466,1.1419279682922627
Brown's Bar,Bacardi,Croston,121.32433171729946,161.31174482826927,1.2544304502908785
Brown's Bar,Bacardi,SBA,120.09394846476783,162.01071765619557,1.2417089277763347
Brown's Bar,Barefoot,Mean,106.63387665647299,170.84213731290248,1.2892760905568523
Brown's Bar,Barefoot,Intermittent Mean,106.63387665647299,170.84213731290245,1.2892760905568523
Brown's Bar,Barefoot,MA-7,82.70833333333333,187.18780395634752,1.0
Brown's Bar,Barefoot,MA-14,82.70833333333333,187.18780395634752,1.0
Brown's Bar,Barefoot,MA-30,107.47448888888884,170.51984222143244,1.2994396641477743
Brown's Bar,Barefoot,Croston,107.43369525067709,170.5350575117018,1.29894644131801
Brown's Bar,Barefoot,SBA,106.19742715480997,171.01671771501907,1.2839991192521105
Brown's Bar,Budweiser,Mean,96.09515256008356,164.42719716368327,1.401628059647561
Brown's Bar,Budweiser,Intermittent Mean,96.09515256008356,164.42719716368327,1.401628059647561
Brown's Bar,Budweiser,MA-7,68.55966666666667,176.7001119128112,1.0
Brown's Bar,Budweiser,MA-14,68.55966666666667,176.7001119128112,1.0
Brown's Bar,Budweiser,MA-30,78.44346666666665,170.98398317093918,1.144163478041025
Brown's Bar,Budweiser,Croston,94.05387628243712,164.93062469235713,1.3718543402452916
Brown's Bar,Budweiser,SBA,92.77916580164856,165.27974460252912,1.3532616232330266
Brown's Bar,Captain Morgan,Mean,84.27843892339546,122.77551490885786,1.5617433537594978
Brown's Bar,Captain Morgan,Intermittent Mean,84.27843892339546,122.77551490885786,1.5617433537594978
Brown's Bar,Captain Morgan,MA-7,53.96433333333333,134.06765852857032,1.0
Brown's Bar,Captain Morgan,MA-14,53.96433333333333,134.06765852857032,1.0
Brown's Bar,Captain Morgan,MA-30,60.45113333333333,130.09292525046175,1.1202053207983051
Brown's Bar,Captain Morgan,Croston,88.47773073719978,122.77885454927528,1.6395594140055427
Brown's Bar,Captain Morgan,SBA,86.75206086700645,122.72918459150901,1.6075814433052655
Brown's Bar,Coors,Mean,87.77290918472652,192.17349908134864,1.4626624203823846
Brown's Bar,Coors,Intermittent Mean,87.77290918472652,192.1734990813486,1.4626624203823846
Brown's Bar,Coors,MA-7,60.009,200.10284891358577,1.0
Brown's Bar,Coors,MA-14,100.58852380952382,190.95001875281574,1.6762239632309124
Brown's Bar,Coors,MA-30,129.9298888888889,194.13608821591566,2.165173372142327
Brown's Bar,Coors,Croston,101.29481219469258,190.92887520766317,1.6879936708609138
Brown's Bar,Coors,SBA,99.23052158495794,191.00431168634933,1.6535939873178682
Brown's Bar,Grey Goose,Mean,95.60384984984982,124.81820700834288,2.6091329580767924
Brown's Bar,Grey Goose,Intermittent Mean,95.60384984984982,124.81820700834288,2.6091329580767924
Brown's Bar,Grey Goose,MA-7,133.1348571428571,146.711743989204,3.6333949332148108
Brown's Bar,Grey Goose,MA-14,211.9297142857142,214.26807337068763,5.783792213463081
Brown's Bar,Grey Goose,MA-30,168.45400000000006,174.38759111052983,4.597292724196279
Brown's Bar,Grey Goose,Croston,124.20489683503295,140.7250309688825,3.389686611948937
Brown's Bar,Grey Goose,SBA,119.22185199328126,137.6067030956731,3.253693902987863
Brown's Bar,Heineken,Mean,83.8697025948104,137.09188775650526,2.099699641865888
Brown's Bar,Heineken,Intermittent Mean,83.86970259481038,137.09188775650526,2.0996996418658873
Brown's Bar,Heineken,MA-7,78.93795238095238,136.55655894021288,1.9762320029279332
Brown's Bar,Heineken,MA-14,77.01280952380954,136.42263537011198,1.9280355548349646
Brown's Bar,Heineken,MA-30,71.59246666666667,136.27330798925124,1.7923358730211714
Brown's Bar,Heineken,Croston,77.25609273037507,136.4372238416329,1.9341262126755618
Brown's Bar,Heineken,SBA,75.39047142718968,136.34265604912719,1.8874199020417843
Brown's Bar,Jack Daniels,Mean,70.52281333333333,99.2510037622315,3.21078779232999
Brown's Bar,Jack Daniels,Intermittent Mean,70.52281333333332,99.2510037622315,3.210787792329989
Brown's Bar,Jack Daniels,MA-7,102.76119047619049,117.34030512054377,4.678548122388896
Brown's Bar,Jack Daniels,MA-14,62.36276190476191,96.42584779627965,2.839274061194448
Brown's Bar,Jack Daniels,MA-30,40.81693333333333,93.22233555502315,1.8583278952240756
Brown's Bar,Jack Daniels,Croston,43.87081069629037,93.28092510418277,1.9973659127505368
Brown's Bar,Jack Daniels,SBA,42.77548682814253,93.24460136995599,1.9474976171130105
Brown's Bar,Jameson,Mean,132.66394357366772,213.8342339911232,1.3571203589998129
Brown's Bar,Jameson,Intermittent Mean,132.66394357366772,213.8342339911232,1.3571203589998129
Brown's Bar,Jameson,MA-7,170.78942857142857,214.9827497623336,1.7471349363855042
Brown's Bar,Jameson,MA-14,169.13,214.43741724179884,1.730159379667328
Brown's Bar,Jameson,MA-30,145.5767555555556,211.53561620708487,1.4892153319102603
Brown's Bar,Jameson,Croston,138.94423036544788,212.37488946691778,1.4213661882424034
Brown's Bar,Jameson,SBA,136.8847188471755,212.78275969156235,1.4002978788302831
Brown's Bar,Jim Beam,Mean,90.13666267465065,114.45685711612141,1.9856223052924866
Brown's Bar,Jim Beam,Intermittent Mean,90.13666267465065,114.45685711612141,1.9856223052924866
Brown's Bar,Jim Beam,MA-7,75.16038095238096,112.37990503789602,1.655709502270038
Brown's Bar,Jim Beam,MA-14,86.38180952380954,113.522893401395,1.902906571781036
Brown's Bar,Jim Beam,MA-30,122.42022222222224,132.47196069986535,2.696797470089487
Brown's Bar,Jim Beam,Croston,106.19219021696952,121.35268711481926,2.339309835596756
Brown's Bar,Jim Beam,SBA,103.15231403945437,119.70619377364181,2.272344343816918
Brown's Bar,Malibu,Mean,141.9882174796748,214.28565740505152,1.12263765955171
Brown's Bar,Malibu,Intermittent Mean,141.9882174796748,214.28565740505152,1.12263765955171
Brown's Bar,Malibu,MA-7,148.15066666666664,208.09659965186043,1.171361403360813
Brown's Bar,Malibu,MA-14,148.26209523809524,207.9981199830003,1.1722424194962096
Brown's Bar,Malibu,MA-30,136.64355555555557,220.7693262691476,1.080379795764898
Brown's Bar,Malibu,Croston,139.24399884996345,217.49122669303915,1.1009403438557905
Brown's Bar,Malibu,SBA,138.60566557413196,218.27464369972225,1.0958933266630013
Brown's Bar,Miller,Mean,61.63300750267953,71.91128218327142,2.1924092025711275
Brown's Bar,Miller,Intermittent Mean,61.63300750267953,71.91128218327142,2.1924092025711275
Brown's Bar,Miller,MA-7,28.112,73.9596499450883,1.0
Brown's Bar,Miller,MA-14,28.112,73.9596499450883,1.0
Brown's Bar,Miller,MA-30,69.0791111111111,76.10001295079465,2.4572819831783974
Brown's Bar,Miller,Croston,84.45375514405895,88.05730031882057,3.0041887857163827
Brown's Bar,Miller,SBA,81.38993405352267,85.48822781213866,2.8952025488589457
Brown's Bar,Smirnoff,Mean,79.31614098690835,122.96016315902101,1.660862320690769
Brown's Bar,Smirnoff,Intermittent Mean,79.31614098690835,122.96016315902101,1.660862320690769
Brown's Bar,Smirnoff,MA-7,98.88171428571427,126.31754641960626,2.0705610663731107
Brown's Bar,Smirnoff,MA-14,90.12076190476186,123.96930683332342,1.8871086754494069
Brown's Bar,Smirnoff,MA-30,97.96244444444442,126.00886235014495,2.0513117607095324
Brown's Bar,Smirnoff,Croston,85.7837760266268,123.30957951701335,1.7962931574383703
Brown's Bar,Smirnoff,SBA,83.88238722529542,123.12765654554767,1.7564784995664509
Brown's Bar,Sutter Home,Mean,79.12003575184016,97.78234015018126,2.3460583475549104
Brown's Bar,Sutter Home,Intermittent Mean,79.12003575184016,97.78234015018126,2.3460583475549104
Brown's Bar,Sutter Home,MA-7,116.8385714285714,122.90454248481365,3.464484099528675
Brown's Bar,Sutter Home,MA-14,81.4384761904762,98.73981932468843,2.4148044811061
Brown's Bar,Sutter Home,MA-30,96.67546666666668,107.1615445577377,2.8666099986162457
Brown's Bar,Sutter Home,Croston,84.54546189209117,100.16517207511967,2.5069324695699833
Brown's Bar,Sutter Home,SBA,82.00442213081996,98.98747327214848,2.431585846091485
Brown's Bar,Yellow Tail,Mean,143.00334234234234,231.6204672198833,1.5082248258094726
Brown's Bar,Yellow Tail,Intermittent Mean,143.00334234234234,231.6204672198833,1.5082248258094726
Brown's Bar,Yellow Tail,MA-7,148.40338095238093,231.23146065622407,1.5651778463374297
Brown's Bar,Yellow Tail,MA-14,155.05438095238094,231.23336336927682,1.6353244817387522
Brown's Bar,Yellow Tail,MA-30,143.8364666666667,231.53767128338603,1.517011604973862
Brown's Bar,Yellow Tail,Croston,143.17026222407543,231.60321421988368,1.5099852931204278
Brown's Bar,Yellow Tail,SBA,140.75253244620498,231.88558421659872,1.4844860284644064
Johnson's Bar,Absolut,Mean,114.7303076923077,152.30983940791057,1.4468916361275213
Johnson's Bar,Absolut,Intermittent Mean,114.73030769230772,152.30983940791057,1.4468916361275215
Johnson's Bar,Absolut,MA-7,196.57785714285714,209.50941073484648,2.479090861594025
Johnson's Bar,Absolut,MA-14,131.373,155.66139018508647,1.6567766507064396
Johnson's Bar,Absolut,MA-30,113.02080000000002,152.43465518816032,1.4253326214988045
Johnson's Bar,Absolut,Croston,115.34544732256545,152.2864617605953,1.4546493106598468
Johnson's Bar,Absolut,SBA,113.54289162310383,152.38720676548675,1.4319168451268545
Johnson's Bar,Bacardi,Mean,94.33352587991716,143.25155778439714,1.4976348934445611
Johnson's Bar,Bacardi,Intermittent Mean,94.33352587991723,143.25155778439714,1.4976348934445622
Johnson's Bar,Bacardi,MA-7,100.60919047619045,142.84819626056873,1.5972670675975518
Johnson's Bar,Bacardi,MA-14,105.3761904761905,143.05303660961306,1.6729477492052578
Johnson's Bar,Bacardi,MA-30,93.2515333333333,143.39811363473368,1.480457227528907
Johnson's Bar,Bacardi,Croston,95.13238528828563,143.15783406800853,1.5103175501540334
Johnson's Bar,Bacardi,SBA,93.52518269053799,143.35891895626222,1.4848016726463311
Johnson's Bar,Barefoot,Mean,82.91124974200206,99.08821261678287,2.721048333636063
Johnson's Bar,Barefoot,Intermittent Mean,82.91124974200203,99.08821261678285,2.7210483336360625
Johnson's Bar,Barefoot,MA-7,30.470333333333333,97.55127733658847,1.0
Johnson's Bar,Barefoot,MA-14,62.01947619047621,93.10317588769004,2.035405241944937
Johnson's Bar,Barefoot,MA-30,56.33406666666667,92.6890911434566,1.8488168819945086
Johnson's Bar,Barefoot,Croston,66.34494608205122,93.77841802970129,2.1773620050776565
Johnson's Bar,Barefoot,SBA,64.55121544461534,93.46104033502594,2.1184939048237736
Johnson's Bar,Budweiser,Mean,86.73127329192545,133.6732747098654,2.0757550509040867
Johnson's Bar,Budweiser,Intermittent Mean,86.73127329192546,133.6732747098654,2.0757550509040867
Johnson's Bar,Budweiser,MA-7,41.783,139.30877939550925,1.0
Johnson's Bar,Budweiser,MA-14,70.64300000000001,133.01766120206244,1.690711533398751
Johnson's Bar,Budweiser,MA-30,76.47046666666667,132.90448357540254,1.8301813337162642
Johnson's Bar,Budweiser,Croston,90.4591992953817,134.25530257367916,2.1649761696235714
Johnson's Bar,Budweiser,SBA,88.0253893306126,133.85722580554952,2.1067273611423927
Johnson's Bar,Captain Morgan,Mean,112.07557548125632,138.18274115582435,1.6114466230069113
Johnson's Bar,Captain Morgan,Intermittent Mean,112.07557548125632,138.18274115582435,1.6114466230069113
Johnson's Bar,Captain Morgan,MA-7,140.29785714285714,151.5675413960058,2.0172326319731773
Johnson's Bar,Captain Morgan,MA-14,116.62319047619047,139.07152999213656,1.676833205184647
Johnson's Bar,Captain Morgan,MA-30,100.04673333333334,138.36063795506774,1.4384933548687031
Johnson's Bar,Captain Morgan,Croston,109.35180565603346,137.9003505847613,1.5722836772191595
Johnson's Bar,Captain Morgan,SBA,107.3616987065651,137.81336572769445,1.5436694933582014
Johnson's Bar,Coors,Mean,99.526753968254,156.23256319382457,1.5407572290583627
Johnson's Bar,Coors,Intermittent Mean,99.526753968254,156.23256319382455,1.5407572290583627
Johnson's Bar,Coors,MA-7,91.66742857142854,157.59201205757142,1.4190883115274717
Johnson's Bar,Coors,MA-14,84.17028571428568,159.6911144086872,1.3030262820342697
Johnson's Bar,Coors,MA-30,111.26911111111113,155.8495581774652,1.7225387192877444
Johnson's Bar,Coors,Croston,97.41635801452041,156.51157928366953,1.5080865380909099
Johnson's Bar,Coors,SBA,95.77534011379444,156.77237819114563,1.4826822111863651
Johnson's Bar,Grey Goose,Mean,130.37334920634922,189.86132605431604,1.3800843590895213
Johnson's Bar,Grey Goose,Intermittent Mean,130.37334920634922,189.86132605431604,1.3800843590895213
Johnson's Bar,Grey Goose,MA-7,129.69128571428573,190.04838118047658,1.372864285638674
Johnson's Bar,Grey Goose,MA-14,116.03795238095239,195.5224393620375,1.2283351169283923
Johnson's Bar,Grey Goose,MA-30,130.3871333333333,189.8576326786293,1.3802302727917486
Johnson's Bar,Grey Goose,Croston,132.58016358645656,189.3140471736046,1.40344488505545
Johnson's Bar,Grey Goose,SBA,130.67453874046706,189.7814094969453,1.3832726408026774
Johnson's Bar,Heineken,Mean,116.16478216818646,186.67415205329507,1.307690721453828
Johnson's Bar,Heineken,Intermittent Mean,116.16478216818646,186.67415205329507,1.307690721453828
Johnson's Bar,Heineken,MA-7,88.83200000000001,203.28767514698637,1.0
Johnson's Bar,Heineken,MA-14,88.83200000000001,203.28767514698637,1.0
Johnson's Bar,Heineken,MA-30,122.72675555555553,184.59089721989122,1.3815601985270571
Johnson's Bar,Heineken,Croston,121.32159192279991,184.97012430165043,1.36574198400126
Johnson's Bar,Heineken,SBA,119.69711232665992,185.45422869686413,1.347454884801197
Johnson's Bar,Jack Daniels,Mean,100.7275696969697,160.35093221057886,1.439061218799868
Johnson's Bar,Jack Daniels,Intermittent Mean,100.72756969696971,160.35093221057886,1.4390612187998681
Johnson's Bar,Jack Daniels,MA-7,112.50361904761904,159.25027061521874,1.6073017112705472
Johnson's Bar,Jack Daniels,MA-14,91.24947619047619,162.9574479204774,1.3036508556352735
Johnson's Bar,Jack Daniels,MA-30,85.68113333333332,165.17551347077244,1.22409779699599
Johnson's Bar,Jack Daniels,Croston,96.15700761415192,161.42022621236896,1.3737631215531307
Johnson's Bar,Jack Daniels,SBA,94.84892390011099,161.79098025057303,1.3550749654754743
Johnson's Bar,Jameson,Mean,81.13487878787879,135.57249498175696,1.680286598441494
Johnson's Bar,Jameson,Intermittent Mean,81.13487878787879,135.57249498175696,1.680286598441494
Johnson's Bar,Jameson,MA-7,84.36633333333333,135.6943621157489,1.7472093553041232
Johnson's Bar,Jameson,MA-14,89.14871428571426,136.19146994613297,1.8462514780382495
Johnson's Bar,Jameson,MA-30,92.20766666666667,136.70601935784197,1.909601750667891
Johnson's Bar,Jameson,Croston,82.23539206998572,135.59455503799845,1.7030780014355835
Johnson's Bar,Jameson,SBA,80.53793913315309,135.56893647862177,1.667924101363804
Johnson's Bar,Jim Beam,Mean,78.8766016511868,119.72177285920178,1.7827503706957608
Johnson's Bar,Jim Beam,Intermittent Mean,78.8766016511868,119.72177285920178,1.7827503706957608
Johnson's Bar,Jim Beam,MA-7,116.96061904761908,131.68138508081816,2.6435163609867725
Johnson's Bar,Jim Beam,MA-14,100.12328571428573,123.87690246155411,2.2629629191147433
Johnson's Bar,Jim Beam,MA-30,137.34833333333333,145.48640879248254,3.104314676832438
Johnson's Bar,Jim Beam,Croston,98.4578431868405,123.31060300016877,2.2253209794137216
Johnson's Bar,Jim Beam,SBA,95.74716769416513,122.47337521183937,2.164054930443035
Johnson's Bar,Malibu,Mean,124.48694011976048,166.89417425147167,1.360562571894355
Johnson's Bar,Malibu,Intermittent Mean,124.48694011976048,166.89417425147167,1.360562571894355
Johnson's Bar,Malibu,MA-7,91.49666666666666,189.18914160173145,1.0
Johnson's Bar,Malibu,MA-14,120.60666666666665,168.1331459266247,1.3181536668002478
Johnson's Bar,Malibu,MA-30,138.53075555555554,165.8529703562767,1.5140524852150048
Johnson's Bar,Malibu,Croston,130.15730836675976,165.81844261371586,1.4225360672530123
Johnson's Bar,Malibu,SBA,128.22427628175512,166.08610494789718,1.401409263890362
Johnson's Bar,Miller,Mean,85.9162413087935,140.32902249121386,1.5351872248346008
Johnson's Bar,Miller,Intermittent Mean,85.91624130879349,140.3290224912139,1.5351872248346006
Johnson's Bar,Miller,MA-7,133.04885714285717,149.9370801283491,2.3773724577922466
Johnson's Bar,Miller,MA-14,107.55714285714289,141.20429857980582,1.9218758774669056
Johnson's Bar,Miller,MA-30,114.51675555555553,142.8039035118516,2.046233139163202
Johnson's Bar,Miller,Croston,91.83505134072087,139.91237666246533,1.6409469904949707
Johnson's Bar,Miller,SBA,89.98421100638019,139.98132068027994,1.6078754036424205
Johnson's Bar,Smirnoff,Mean,101.54160736196317,125.58476256691574,2.1439316903438708
Johnson's Bar,Smirnoff,Intermittent Mean,101.54160736196317,125.58476256691576,2.1439316903438708
Johnson's Bar,Smirnoff,MA-7,129.50719047619046,138.738465057325,2.734392107853438
Johnson's Bar,Smirnoff,MA-14,99.25980952380951,124.96474477888977,2.095754210951238
Johnson's Bar,Smirnoff,MA-30,90.04575555555553,123.23091418146664,1.9012102913473197
Johnson's Bar,Smirnoff,Croston,99.62461569260371,125.05887849552934,2.10345666442258
Johnson's Bar,Smirnoff,SBA,97.01150157464016,124.42693224627268,2.048283831201451
Johnson's Bar,Sutter Home,Mean,93.75376506024098,135.94245007983176,1.644774040108787
Johnson's Bar,Sutter Home,Intermittent Mean,93.75376506024098,135.94245007983176,1.644774040108787
Johnson's Bar,Sutter Home,MA-7,184.6921428571429,193.57504865724056,3.2401561877360554
Johnson's Bar,Sutter Home,MA-14,138.21766666666664,154.95921253671884,2.4248288041730257
Johnson's Bar,Sutter Home,MA-30,110.55839999999995,139.65332139782586,1.9395870247890377
Johnson's Bar,Sutter Home,Croston,92.84792172798292,135.90358850703308,1.6288823306254785
Johnson's Bar,Sutter Home,SBA,91.05557564158377,135.8761045212518,1.5974382140942047
Johnson's Bar,Yellow Tail,Mean,106.00590447154474,148.35126221894487,1.3481610641173185
Johnson's Bar,Yellow Tail,Intermittent Mean,106.00590447154474,148.35126221894484,1.3481610641173185
Johnson's Bar,Yellow Tail,MA-7,111.93133333333337,147.1810277628653,1.423519437025733
Johnson's Bar,Yellow Tail,MA-14,95.28066666666663,153.14732950114848,1.211759718512866
Johnson's Bar,Yellow Tail,MA-30,103.02515555555557,149.3451388175874,1.3102525188293983
Johnson's Bar,Yellow Tail,Croston,111.96413674724015,147.17757238720196,1.4239366240269637
Johnson's Bar,Yellow Tail,SBA,110.29742990987809,147.3954587107652,1.4027397928256151
Smith's Bar,Absolut,Mean,97.00821285140566,130.39911371088328,2.148734779638341
Smith's Bar,Absolut,Intermittent Mean,97.00821285140564,130.39911371088326,2.148734779638341
Smith's Bar,Absolut,MA-7,45.14666666666667,134.0761415514831,1.0
Smith's Bar,Absolut,MA-14,45.14666666666667,134.0761415514831,1.0
Smith's Bar,Absolut,MA-30,99.6122222222222,131.43140628606744,2.206413664107107
Smith's Bar,Absolut,Croston,127.16591363300012,147.2920061023661,2.8167287426092757
Smith's Bar,Absolut,SBA,122.72851795135009,144.26826688592672,2.718440297209467
Smith's Bar,Bacardi,Mean,113.86391179487178,172.24920917199154,1.2608397018522368
Smith's Bar,Bacardi,Intermittent Mean,113.86391179487178,172.24920917199154,1.2608397018522368
Smith's Bar,Bacardi,MA-7,103.80066666666669,178.47308309410593,1.1494072138311855
Smith's Bar,Bacardi,MA-14,116.00866666666666,171.24483383398734,1.2845890360396273
Smith's Bar,Bacardi,MA-30,115.45137777777776,171.49453096171257,1.2784180557401092
Smith's Bar,Bacardi,Croston,113.86945036021788,172.2464651111816,1.2609010315832252
Smith's Bar,Bacardi,SBA,112.69137784220698,172.84750471159373,1.2478559800040636
Smith's Bar,Barefoot,Mean,94.23048170731705,138.55345696627748,1.8800348825986841
Smith's Bar,Barefoot,Intermittent Mean,94.23048170731705,138.55345696627748,1.8800348825986841
Smith's Bar,Barefoot,MA-7,91.41880952380951,138.32886143013621,1.8239379414852426
Smith's Bar,Barefoot,MA-14,113.43190476190479,142.8556052797017,2.2631311427906384
Smith's Bar,Barefoot,MA-30,95.63795555555558,138.70555969350647,1.908116028774427
Smith's Bar,Barefoot,Croston,99.31378265502063,139.22685016842019,1.98145411475451
Smith's Bar,Barefoot,SBA,96.85417685560294,138.8582275116097,1.9323814090167846
Smith's Bar,Budweiser,Mean,85.46685185185184,145.27732887964754,1.3396618226234929
Smith's Bar,Budweiser,Intermittent Mean,85.46685185185184,145.27732887964754,1.3396618226234929
Smith's Bar,Budweiser,MA-7,63.797333333333334,156.23488180727549,1.0
Smith's Bar,Budweiser,MA-14,79.83233333333332,147.35534076397323,1.2513427938471826
Smith's Bar,Budweiser,MA-30,92.89713333333334,143.43380758500882,1.456128782812239
Smith's Bar,Budweiser,Croston,89.92152974703359,144.04716187432447,1.409487278679886
Smith's Bar,Budweiser,SBA,88.61531992634856,144.36940088351034,1.3890129147458916
Smith's Bar,Captain Morgan,Mean,77.36997619047618,103.90023619635151,2.9080626512407104
Smith's Bar,Captain Morgan,Intermittent Mean,77.36997619047617,103.9002361963515,2.9080626512407095
Smith's Bar,Captain Morgan,MA-7,49.33561904761904,97.16259088358485,1.8543507209438848
Smith's Bar,Captain Morgan,MA-14,64.56304761904761,99.35634327568445,2.4266956857916058
Smith's Bar,Captain Morgan,MA-30,57.05306666666668,97.81872866174453,2.144422170993285
Smith's Bar,Captain Morgan,Croston,67.59187315999867,100.21892286078088,2.5405384820085697
Smith's Bar,Captain Morgan,SBA,65.54254616866544,99.62037113119335,2.4635115579081424
Smith's Bar,Coors,Mean,87.4691661506708,141.56349449196287,1.4612777932886296
Smith's Bar,Coors,Intermittent Mean,87.46916615067082,141.56349449196284,1.4612777932886298
Smith's Bar,Coors,MA-7,59.85800000000001,152.5880840913427,1.0
Smith's Bar,Coors,MA-14,59.85800000000001,152.5880840913427,1.0
Smith's Bar,Coors,MA-30,69.19222222222223,147.65831206012223,1.1559394270143042
Smith's Bar,Coors,Croston,80.95446480154672,143.16470828182565,1.3524418590922969
Smith's Bar,Coors,SBA,79.8996415614694,143.48490271448003,1.3348197661376822
Smith's Bar,Grey Goose,Mean,145.22098009950247,206.53104453922003,1.17108341903329
Smith's Bar,Grey Goose,Intermittent Mean,145.22098009950247,206.53104453922,1.17108341903329
Smith's Bar,Grey Goose,MA-7,143.06376190476192,208.51429032856356,1.1536872930922129
Smith's Bar,Grey Goose,MA-14,141.939,209.62015986859024,1.1446170470704298
Smith's Bar,Grey Goose,MA-30,138.55811111111115,213.23140120692048,1.1173530600304113
Smith's Bar,Grey Goose,Croston,142.4494436113988,209.11226696024588,1.14873333969737
Smith's Bar,Grey Goose,SBA,141.5272547641622,210.03708797081373,1.1412966727125013
Smith's Bar,Heineken,Mean,99.84224948875251,173.23484329081225,1.5157852709509252
Smith's Bar,Heineken,Intermittent Mean,99.84224948875251,173.23484329081225,1.5157852709509252
Smith's Bar,Heineken,MA-7,96.85480952380954,173.74150967891984,1.4704305486775568
Smith's Bar,Heineken,MA-14,127.36723809523806,173.0672300631598,1.9336642002262807
Smith's Bar,Heineken,MA-30,123.42082222222226,172.5907294516906,1.8737504955171518
Smith's Bar,Heineken,Croston,100.29623331538338,173.16610706557998,1.5226775635543135
Smith's Bar,Heineken,SBA,98.57483831628088,173.43828966457372,1.4965436853765979
Smith's Bar,Jack Daniels,Mean,86.05457142857138,132.89967051294363,1.6602381656723182
Smith's Bar,Jack Daniels,Intermittent Mean,86.05457142857138,132.89967051294363,1.6602381656723182
Smith's Bar,Jack Daniels,MA-7,51.83266666666667,142.6488624092974,1.0
Smith's Bar,Jack Daniels,MA-14,90.43028571428573,133.03699418329674,1.7446581765865619
Smith's Bar,Jack Daniels,MA-30,69.8448888888889,135.19550196536372,1.3475071490737291
Smith's Bar,Jack Daniels,Croston,82.33856767621052,133.0374527845216,1.5885458528639054
Smith's Bar,Jack Daniels,SBA,80.81327262573336,133.16152449259422,1.5591185602207107
Smith's Bar,Jameson,Mean,108.24659621451103,173.56643891555973,1.3207408120464015
Smith's Bar,Jameson,Intermittent Mean,108.24659621451103,173.5664389155597,1.3207408120464015
Smith's Bar,Jameson,MA-7,96.30033333333333,179.1384672536862,1.1749817998430108
Smith's Bar,Jameson,MA-14,128.62833333333333,170.55425472558576,1.5694229228435355
Smith's Bar,Jameson,MA-30,118.12913333333333,171.04951122116657,1.4413198469153274
Smith's Bar,Jameson,Croston,113.14044547711805,172.0754306834547,1.3804517560868002
Smith's Bar,Jameson,SBA,111.58137320326215,172.4988586414063,1.3614291682824602
Smith's Bar,Jim Beam,Mean,80.88732,95.59312019496444,4.357135726213348
Smith's Bar,Jim Beam,Intermittent Mean,80.88732,95.59312019496444,4.357135726213348
Smith's Bar,Jim Beam,MA-7,77.94833333333334,93.74290182906296,4.198822114089742
Smith's Bar,Jim Beam,MA-14,88.12857142857143,100.49533107559374,4.747198288576918
Smith's Bar,Jim Beam,MA-30,86.22124444444447,99.1593247237327,4.644456813842554
Smith's Bar,Jim Beam,Croston,87.76139597830051,100.23576781041156,4.727419746375694
Smith's Bar,Jim Beam,SBA,84.30154284605212,97.84621801610099,4.541048759056907
Smith's Bar,Malibu,Mean,112.48039797979798,158.87346038337054,1.470146229624117
Smith's Bar,Malibu,Intermittent Mean,112.48039797979798,158.87346038337054,1.470146229624117
Smith's Bar,Malibu,MA-7,121.95423809523808,158.8530181455347,1.5939716301021407
Smith's Bar,Malibu,MA-14,118.77328571428569,158.6382317451392,1.5523958068168164
Smith's Bar,Malibu,MA-30,99.61437777777778,162.04960937729328,1.301984208240934
Smith's Bar,Malibu,Croston,106.45423087388863,159.91650006286855,1.3913827560860104
Smith's Bar,Malibu,SBA,104.95700266352755,160.29816461090914,1.37181361828171
Smith's Bar,Miller,Mean,90.45082208588956,135.10322835955847,1.7549181644354608
Smith's Bar,Miller,Intermittent Mean,90.45082208588956,135.10322835955847,1.7549181644354608
Smith's Bar,Miller,MA-7,51.541333333333334,144.4397431226369,1.0
Smith's Bar,Miller,MA-14,74.8941904761905,135.9374049632008,1.4530898917928103
Smith's Bar,Miller,MA-30,75.10844444444446,135.89874185829194,1.457246826710817
Smith's Bar,Miller,Croston,89.04208375049386,135.01300861395976,1.727585958528311
Smith's Bar,Miller,SBA,87.16704622963583,134.9441731088728,1.6912066606018954
Smith's Bar,Smirnoff,Mean,110.09079245283014,169.39522770065807,1.2364704197855199
Smith's Bar,Smirnoff,Intermittent Mean,110.09079245283014,169.39522770065807,1.2364704197855199
Smith's Bar,Smirnoff,MA-7,167.04166666666666,181.29595498543708,1.876106757915308
Smith's Bar,Smirnoff,MA-14,128.03900000000002,163.69365158901002,1.438053378957654
Smith's Bar,Smirnoff,MA-30,119.20446666666668,165.41069242947987,1.3388294666222404
Smith's Bar,Smirnoff,Croston,109.49346412121255,169.73159654296978,1.2297616043025044
Smith's Bar,Smirnoff,SBA,108.47060758181861,170.32838661094135,1.2182735240873794
Smith's Bar,Sutter Home,Mean,96.0782282828283,125.59223214427205,1.5037991394028567
Smith's Bar,Sutter Home,Intermittent Mean,96.0782282828283,125.59223214427205,1.5037991394028567
Smith's Bar,Sutter Home,MA-7,114.09985714285718,129.1359992929987,1.7858704312523623
Smith's Bar,Sutter Home,MA-14,123.13414285714288,134.11919326735853,1.927273445494773
Smith's Bar,Sutter Home,MA-30,125.26917777777778,135.57956756663432,1.9606906278640661
Smith's Bar,Sutter Home,Croston,113.07377448408447,128.6988801856856,1.7698103701251282
Smith's Bar,Sutter Home,SBA,110.61460242654694,127.76313648500806,1.7313198516188721
Smith's Bar,Yellow Tail,Mean,117.91088551165146,167.66421972127193,1.5064890017075985
Smith's Bar,Yellow Tail,Intermittent Mean,117.91088551165146,167.66421972127193,1.5064890017075985
Smith's Bar,Yellow Tail,MA-7,78.26866666666666,184.63064801561703,1.0
Smith's Bar,Yellow Tail,MA-14,146.09438095238096,170.79735457015505,1.866575568159003
Smith's Bar,Yellow Tail,MA-30,133.48926666666668,167.7855344887236,1.7055262642351563
Smith's Bar,Yellow Tail,Croston,122.22950398422284,167.29464441506093,1.561665851608002
Smith's Bar,Yellow Tail,SBA,120.031462118345,167.4441907987389,1.5335825590276015
Taylor's Bar,Absolut,Mean,91.7213592039801,153.15060707977568,1.6734420580912261
Taylor's Bar,Absolut,Intermittent Mean,91.7213592039801,153.15060707977568,1.6734420580912261
Taylor's Bar,Absolut,MA-7,123.65847619047622,157.99326168357618,2.256129833798143
Taylor's Bar,Absolut,MA-14,89.23423809523807,153.2872274827676,1.6280649168990708
Taylor's Bar,Absolut,MA-30,97.35188888888892,153.1186520407549,1.7761702041395535
Taylor's Bar,Absolut,Croston,90.96244733873186,153.1843475975125,1.6595958281104153
Taylor's Bar,Absolut,SBA,89.15482497179524,153.29282392373804,1.6266160367048939
Taylor's Bar,Bacardi,Mean,81.55345647558389,146.46634413276539,2.0889182263667396
Taylor's Bar,Bacardi,Intermittent Mean,81.55345647558387,146.46634413276539,2.088918226366739
Taylor's Bar,Bacardi,MA-7,39.041000000000004,151.24930683036754,1.0
Taylor's Bar,Bacardi,MA-14,39.041000000000004,151.24930683036754,1.0
Taylor's Bar,Bacardi,MA-30,75.8986,146.16535945519604,1.9440741784278066
Taylor's Bar,Bacardi,Croston,98.71400095533791,149.13395342568452,2.528470094396606
Taylor's Bar,Bacardi,SBA,95.73035090757101,148.48406963173423,2.452046589676776
Taylor's Bar,Barefoot,Mean,86.43104437564502,113.94277997295058,1.771466763636044
Taylor's Bar,Barefoot,Intermittent Mean,86.43104437564502,113.94277997295058,1.771466763636044
Taylor's Bar,Barefoot,MA-7,133.39685714285713,142.94554610655302,2.7340650631853864
Taylor's Bar,Barefoot,MA-14,177.20142857142855,183.5721880929257,3.6318714352081383
Taylor's Bar,Barefoot,MA-30,105.99726666666669,122.29384890364136,2.172490640286394
Taylor's Bar,Barefoot,Croston,97.0643017056462,117.43610446993418,1.9894030628599637
Taylor's Bar,Barefoot,SBA,94.65061995369719,116.41586797240849,1.9399329097169646
Taylor's Bar,Budweiser,Mean,99.57736196319016,152.20840044865838,2.02582418446495
Taylor's Bar,Budweiser,Intermittent Mean,99.57736196319016,152.20840044865838,2.02582418446495
Taylor's Bar,Budweiser,MA-7,63.547142857142845,154.74489258790038,1.2928173263039193
Taylor's Bar,Budweiser,MA-14,62.50657142857141,155.0120667669693,1.2716477077871875
Taylor's Bar,Budweiser,MA-30,63.533999999999985,154.74820181507766,1.2925499450705942
Taylor's Bar,Budweiser,Croston,80.89442939961513,151.8707252553655,1.6457344142819534
Taylor's Bar,Budweiser,SBA,79.30740792963438,152.00743031784322,1.613447693567856
Taylor's Bar,Captain Morgan,Mean,107.82462235649545,179.07174421577236,1.7540825275442289
Taylor's Bar,Captain Morgan,Intermittent Mean,107.82462235649545,179.07174421577236,1.7540825275442289
Taylor's Bar,Captain Morgan,MA-7,134.0633333333333,182.9518102670755,2.1809318265622624
Taylor's Bar,Captain Morgan,MA-14,97.76699999999998,179.4633140737497,1.590465913281131
Taylor's Bar,Captain Morgan,MA-30,99.40160000000004,179.32836367215683,1.6170574582998942
Taylor's Bar,Captain Morgan,Croston,102.16069225566831,179.16326624436235,1.6619421554291745
Taylor's Bar,Captain Morgan,SBA,100.12619097621823,179.27737551368517,1.6288450476577157
Taylor's Bar,Coors,Mean,73.5613783783784,126.6148319189442,1.4713354655017046
Taylor's Bar,Coors,Intermittent Mean,73.56137837837838,126.6148319189442,1.4713354655017044
Taylor's Bar,Coors,MA-7,62.872333333333344,129.3471785673477,1.257538886184987
Taylor's Bar,Coors,MA-14,71.99061904761903,126.86332916088209,1.4399179749372093
Taylor's Bar,Coors,MA-30,76.47173333333332,126.29661519745228,1.5295468334344515
Taylor's Bar,Coors,Croston,72.16518732124547,126.83306720975351,1.4434095964619833
Taylor's Bar,Coors,SBA,71.05674462184986,127.03641449665955,1.4212391166388838
Taylor's Bar,Grey Goose,Mean,116.06688643533121,144.51850882077824,1.736722276119334
Taylor's Bar,Grey Goose,Intermittent Mean,116.06688643533121,144.51850882077824,1.736722276119334
Taylor's Bar,Grey Goose,MA-7,125.5872857142857,147.03963008746484,1.87917711412796
Taylor's Bar,Grey Goose,MA-14,143.40557142857145,156.04328342996837,2.1457941887532948
Taylor's Bar,Grey Goose,MA-30,142.57460000000003,155.50894760466716,2.1333602669419887
Taylor's Bar,Grey Goose,Croston,142.4054152931142,155.4014447268675,2.1308287365610896
Taylor's Bar,Grey Goose,SBA,138.6266945284585,153.1160741542365,2.0742872997330357
Taylor's Bar,Heineken,Mean,65.84566666666665,134.97198286280258,1.5453948037520628
Taylor's Bar,Heineken,Intermittent Mean,65.84566666666665,134.97198286280258,1.5453948037520628
Taylor's Bar,Heineken,MA-7,42.60766666666667,140.88637725723046,1.0
Taylor's Bar,Heineken,MA-14,54.968238095238085,137.00751110983003,1.2901020495976017
Taylor's Bar,Heineken,MA-30,61.55753333333334,135.61540123206262,1.444752509329307
Taylor's Bar,Heineken,Croston,68.1743470391385,134.71067505375885,1.6000488262473538
Taylor's Bar,Heineken,SBA,66.89601302051491,134.84640437100242,1.5700463849349864
Taylor's Bar,Jack Daniels,Mean,127.31102828282827,180.03837553523778,1.2880256195021174
Taylor's Bar,Jack Daniels,Intermittent Mean,127.31102828282827,180.03837553523778,1.2880256195021174
Taylor's Bar,Jack Daniels,MA-7,98.842,201.87105698110037,1.0
Taylor's Bar,Jack Daniels,MA-14,98.842,201.87105698110037,1.0
Taylor's Bar,Jack Daniels,MA-30,99.76584444444443,200.90916928165433,1.009346678987115
Taylor's Bar,Jack Daniels,Croston,125.24938812526891,181.01835739076049,1.2671676830220848
Taylor's Bar,Jack Daniels,SBA,123.92901871900546,181.69963952354811,1.2538092988709806
Taylor's Bar,Jameson,Mean,105.60169918699185,153.36526396555857,1.503562348713476
Taylor's Bar,Jameson,Intermittent Mean,105.60169918699185,153.36526396555857,1.503562348713476
Taylor's Bar,Jameson,MA-7,114.58719047619051,152.99367170741735,1.6314982293966935
Taylor's Bar,Jameson,MA-14,92.41076190476194,156.52668346243172,1.3157491146983469
Taylor's Bar,Jameson,MA-30,125.85073333333331,154.5894742147731,1.7918691238378186
Taylor's Bar,Jameson,Croston,106.41564384388609,153.2713818621786,1.5151513340183018
Taylor's Bar,Jameson,SBA,104.60657831835843,153.49625536220282,1.4893937673173863
Taylor's Bar,Jim Beam,Mean,163.5421818181818,251.88116072789336,1.1415069716442894
Taylor's Bar,Jim Beam,Intermittent Mean,163.5421818181818,251.8811607278934,1.1415069716442894
Taylor's Bar,Jim Beam,MA-7,143.26866666666666,277.7990951869114,1.0
Taylor's Bar,Jim Beam,MA-14,147.58080952380953,271.35386255798176,1.030098296839571
Taylor's Bar,Jim Beam,MA-30,162.2171111111111,253.21022685244503,1.132258119554714
Taylor's Bar,Jim Beam,Croston,162.740383171583,252.67874032310868,1.1359105026796952
Taylor's Bar,Jim Beam,SBA,161.7667973463372,253.67449561324298,1.1291149775457106
Taylor's Bar,Malibu,Mean,118.33541516966069,169.9678635734872,1.2951658166478124
Taylor's Bar,Malibu,Intermittent Mean,118.33541516966069,169.9678635734872,1.2951658166478124
Taylor's Bar,Malibu,MA-7,105.815,177.23044088605846,1.1581314916764256
Taylor's Bar,Malibu,MA-14,116.96100000000003,170.57412519624006,1.2801230203465148
Taylor's Bar,Malibu,MA-30,119.69817777777779,169.4151575709145,1.310081077169851
Taylor's Bar,Malibu,Croston,116.5824563385671,170.74964734765788,1.2759799089229928
Taylor's Bar,Malibu,SBA,115.32168352163876,171.36063613119234,1.2621809134768434
Taylor's Bar,Miller,Mean,43.91895705521475,43.91895705521473,
Taylor's Bar,Miller,Intermittent Mean,43.91895705521475,43.91895705521473,
Taylor's Bar,Miller,MA-7,0.0,0.0,
Taylor's Bar,Miller,MA-14,0.0,0.0,
Taylor's Bar,Miller,MA-30,18.261999999999997,18.262,
Taylor's Bar,Miller,Croston,65.40626523107063,65.40626523107063,
Taylor's Bar,Miller,SBA,62.13595196951708,62.135951969517095,
Taylor's Bar,Smirnoff,Mean,133.1803190184049,182.23413629871783,1.1798676942970974
Taylor's Bar,Smirnoff,Intermittent Mean,133.1803190184049,182.23413629871786,1.1798676942970974
Taylor's Bar,Smirnoff,MA-7,136.57590476190475,179.59474376995536,1.2099497811362017
Taylor's Bar,Smirnoff,MA-14,160.32090476190473,177.13291605199083,1.4203108810913152
Taylor's Bar,Smirnoff,MA-30,152.84555555555556,174.80832850105662,1.3540854575665227
Taylor's Bar,Smirnoff,Croston,132.13033078450798,183.15730892301863,1.1705656652458243
Taylor's Bar,Smirnoff,SBA,131.16768091194928,184.04699956379486,1.1620373819835332
Taylor's Bar,Sutter Home,Mean,103.7184726368159,228.7873436369496,1.354999969126865
Taylor's Bar,Sutter Home,Intermittent Mean,103.7184726368159,228.78734363694957,1.354999969126865
Taylor's Bar,Sutter Home,MA-7,76.54500000000002,238.58380993548857,1.0
Taylor's Bar,Sutter Home,MA-14,76.54500000000002,238.58380993548857,1.0
Taylor's Bar,Sutter Home,MA-30,126.68700000000005,225.97537822146313,1.6550656476582406
Taylor's Bar,Sutter Home,Croston,108.18439524764771,227.8356586046678,1.413343722616078
Taylor's Bar,Sutter Home,SBA,106.60242548526536,228.15073377556678,1.3926765364852747
Taylor's Bar,Yellow Tail,Mean,110.97864278296989,177.59128321924752,1.2597419050694871
Taylor's Bar,Yellow Tail,Intermittent Mean,110.97864278296989,177.59128321924752,1.2597419050694871
Taylor's Bar,Yellow Tail,MA-7,88.09633333333333,193.02152904965462,1.0
Taylor's Bar,Yellow Tail,MA-14,88.09633333333333,193.02152904965462,1.0
Taylor's Bar,Yellow Tail,MA-30,88.09633333333333,193.02152904965462,1.0
Taylor's Bar,Yellow Tail,Croston,113.91571714923197,176.2703748685621,1.2930812536567768
Taylor's Bar,Yellow Tail,SBA,112.62474795843706,176.83106222744198,1.2784271909739384
Thomas's Bar,Absolut,Mean,78.88493333333334,109.19539298734702,2.198638014809034
Thomas's Bar,Absolut,Intermittent Mean,78.88493333333335,109.19539298734702,2.1986380148090343
Thomas's Bar,Absolut,MA-7,87.92785714285715,112.41506697348474,2.450677475483072
Thomas's Bar,Absolut,MA-14,61.90342857142857,106.79663347566111,1.725338737741536
Thomas's Bar,Absolut,MA-30,64.76646666666667,106.85368078826298,1.8051357804472439
Thomas's Bar,Absolut,Croston,74.67279141577212,108.14390244019053,2.081239483145353
Thomas's Bar,Absolut,SBA,72.73310184498354,107.75924260826588,2.0271775089880855
Thomas's Bar,Bacardi,Mean,101.43170459081833,150.0437048035814,1.9586577782584527
Thomas's Bar,Bacardi,Intermittent Mean,101.43170459081834,150.04370480358142,1.958657778258453
Thomas's Bar,Bacardi,MA-7,91.09195238095239,149.20860896790123,1.7589959844158187
Thomas's Bar,Bacardi,MA-14,106.51552380952384,150.93637906190716,2.0568269068967457
Thomas's Bar,Bacardi,MA-30,128.0212222222222,158.0559029689601,2.4721043947673875
Thomas's Bar,Bacardi,Croston,117.9148095187992,154.0572278986073,2.2769484133934794
Thomas's Bar,Bacardi,SBA,114.60838570952586,152.99603287708507,2.2131009927238043
Thomas's Bar,Barefoot,Mean,121.66344680851064,174.6744533146003,1.3217487395091365
Thomas's Bar,Barefoot,Intermittent Mean,121.66344680851064,174.67445331460033,1.3217487395091365
Thomas's Bar,Barefoot,MA-7,103.62752380952378,184.7284577080935,1.1258069088677976
Thomas's Bar,Barefoot,MA-14,119.57495238095241,175.53488509691283,1.2990593866302744
Thomas's Bar,Barefoot,MA-30,115.31044444444446,177.5472685997231,1.2527298756919751
Thomas's Bar,Barefoot,Croston,118.03092810083623,176.22425542966656,1.28228514424647
Thomas's Bar,Barefoot,SBA,116.7317483624611,176.8389473230794,1.2681708870341468
Thomas's Bar,Budweiser,Mean,107.78219631901837,168.64295053458366,1.196565094631054
Thomas's Bar,Budweiser,Intermittent Mean,107.78219631901837,168.64295053458366,1.196565094631054
Thomas's Bar,Budweiser,MA-7,116.5363333333333,163.8180255140848,1.2937508557556736
Thomas's Bar,Budweiser,MA-14,103.3063333333333,171.85024318671574,1.1468754278778366
Thomas's Bar,Budweiser,MA-30,111.41420000000002,166.40160855192073,1.2368864925674155
Thomas's Bar,Budweiser,Croston,112.37766253813781,165.86326118732936,1.2475825600302464
Thomas's Bar,Budweiser,SBA,111.26259607789756,166.48849196380147,1.2352034320287337
Thomas's Bar,Captain Morgan,Mean,103.23629399585921,157.6063807190835,1.3952233193720895
Thomas's Bar,Captain Morgan,Intermittent Mean,103.23629399585919,157.6063807190835,1.395223319372089
Thomas's Bar,Captain Morgan,MA-7,107.45019047619047,156.84200900928306,1.4521735101161892
Thomas's Bar,Captain Morgan,MA-14,117.48942857142856,156.62005929544108,1.5878523354309244
Thomas's Bar,Captain Morgan,MA-30,108.85257777777777,156.67518990893228,1.47112656809834
Thomas's Bar,Captain Morgan,Croston,104.50201803459595,157.33549216982914,1.4123293934704695
Thomas's Bar,Captain Morgan,SBA,102.97655046619944,157.66633073219103,1.3917129237969454
Thomas's Bar,Coors,Mean,53.93230173292559,98.06577856348733,3.031494139226125
Thomas's Bar,Coors,Intermittent Mean,53.932301732925595,98.06577856348733,3.0314941392261257
Thomas's Bar,Coors,MA-7,86.01466666666668,110.62338406275862,4.834819755677135
Thomas's Bar,Coors,MA-14,81.73733333333332,108.40485377591204,4.59439406430338
Thomas's Bar,Coors,MA-30,66.96706666666668,101.96381937890192,3.764168477853557
Thomas's Bar,Coors,Croston,54.785417552661876,98.26494419410928,3.0794471381620627
Thomas's Bar,Coors,SBA,52.935680008362134,97.84341208544643,2.975474781253961
Thomas's Bar,Grey Goose,Mean,174.80397061803444,233.84646867316914,1.08981616909245
Thomas's Bar,Grey Goose,Intermittent Mean,174.80397061803444,233.84646867316914,1.08981616909245
Thomas's Bar,Grey Goose,MA-7,165.72023809523807,254.50730883521643,1.0331835963651055
Thomas's Bar,Grey Goose,MA-14,171.9232380952381,239.6606533012508,1.0718562287600075
Thomas's Bar,Grey Goose,MA-30,170.82339999999996,242.06976546488042,1.0649992830319641
Thomas's Bar,Grey Goose,Croston,173.96524233127693,235.46318058124734,1.0845871136816845
Thomas's Bar,Grey Goose,SBA,173.28686354804643,236.8170608712592,1.0803577579976003
Thomas's Bar,Heineken,Mean,64.0579357798165,120.36306535472818,2.0472552955656234
Thomas's Bar,Heineken,Intermittent Mean,64.0579357798165,120.36306535472818,2.0472552955656234
Thomas's Bar,Heineken,MA-7,80.00500000000001,122.74274622151812,2.5569144232920347
Thomas's Bar,Heineken,MA-14,55.647333333333336,120.22853587369903,1.7784572116460173
Thomas's Bar,Heineken,MA-30,42.656577777777784,121.55267587575172,1.3632800321014749
Thomas's Bar,Heineken,Croston,58.567044125315356,120.1864912433848,1.8717695125754623
Thomas's Bar,Heineken,SBA,57.20317525238293,120.19438151602586,1.828181036946689
Thomas's Bar,Jack Daniels,Mean,109.23027760577916,151.64141748139636,1.6208116294995845
Thomas's Bar,Jack Daniels,Intermittent Mean,109.23027760577915,151.6414174813964,1.6208116294995842
Thomas's Bar,Jack Daniels,MA-7,67.39233333333334,165.9258323368205,1.0
Thomas's Bar,Jack Daniels,MA-14,96.51590476190474,152.79100971288082,1.432149622784561
Thomas's Bar,Jack Daniels,MA-30,84.22553333333332,156.64308096291887,1.2497791539096927
Thomas's Bar,Jack Daniels,Croston,104.9481689390074,151.69933511848978,1.557271632366798
Thomas's Bar,Jack Daniels,SBA,103.07037715872369,151.83057375659166,1.5294080507484582
Thomas's Bar,Jameson,Mean,68.50306187624753,114.41023667087842,2.3048706933228202
Thomas's Bar,Jameson,Intermittent Mean,68.5030618762475,114.4102366708784,2.304870693322819
Thomas's Bar,Jameson,MA-7,29.720999999999997,117.24851107796636,1.0
Thomas's Bar,Jameson,MA-14,29.720999999999997,117.24851107796636,1.0
Thomas's Bar,Jameson,MA-30,29.720999999999997,117.24851107796636,1.0
Thomas's Bar,Jameson,Croston,86.71943710054782,119.00932920999395,2.9177832879293373
Thomas's Bar,Jameson,SBA,83.86951524552045,118.05492681519173,2.821894123532871
Thomas's Bar,Jim Beam,Mean,84.62883434343433,91.95414219166908,1.8314097557531468
Thomas's Bar,Jim Beam,Intermittent Mean,84.62883434343433,91.95414219166908,1.8314097557531468
Thomas's Bar,Jim Beam,MA-7,142.50519047619048,153.7056799420977,3.0838826755482005
Thomas's Bar,Jim Beam,MA-14,113.8944761904762,119.20574900403187,2.4647326935304203
Thomas's Bar,Jim Beam,MA-30,77.65517777777781,89.16920658874714,1.6804963848353043
Thomas's Bar,Jim Beam,Croston,86.4652666789954,92.97997856034586,1.8711510581262665
Thomas's Bar,Jim Beam,SBA,84.45248667837896,91.8618233327595,1.827593505219953
Thomas's Bar,Malibu,Mean,83.73026546906188,109.38665744772625,2.442991182804929
Thomas's Bar,Malibu,Intermittent Mean,83.73026546906188,109.38665744772625,2.442991182804929
Thomas's Bar,Malibu,MA-7,105.60509523809523,119.24587694893157,3.0812313215616043
Thomas's Bar,Malibu,MA-14,84.87480952380952,109.7556822897929,2.476385452110255
Thomas's Bar,Malibu,MA-30,79.47873333333332,108.17065487922315,2.318944573579327
Thomas's Bar,Malibu,Croston,89.94755274505664,111.59753150939788,2.624392470751791
Thomas's Bar,Malibu,SBA,87.16385844113717,110.54558192285498,2.543172847214202
Thomas's Bar,Miller,Mean,107.04382666666669,166.3353998563144,1.7278417277799603
Thomas's Bar,Miller,Intermittent Mean,107.04382666666669,166.3353998563144,1.7278417277799603
Thomas's Bar,Miller,MA-7,61.95233333333333,177.49744115526474,1.0
Thomas's Bar,Miller,MA-14,61.95233333333333,177.49744115526474,1.0
Thomas's Bar,Miller,MA-30,90.54377777777776,167.9124632277849,1.4615071443816123
Thomas's Bar,Miller,Croston,103.8055880157562,166.40631482377117,1.6755718861666151
Thomas's Bar,Miller,SBA,101.71292528163501,166.5144276796591,1.6417932918582836
Thomas's Bar,Smirnoff,Mean,107.288121756487,164.17255962172126,1.4751022707332835
Thomas's Bar,Smirnoff,Intermittent Mean,107.28812175648697,164.17255962172126,1.475102270733283
Thomas's Bar,Smirnoff,MA-7,147.3495238095238,171.4320024831249,2.025905697708372
Thomas's Bar,Smirnoff,MA-14,135.38338095238092,166.51532576633304,1.8613834354904386
Thomas's Bar,Smirnoff,MA-30,106.5020666666667,164.29855716449046,1.4642948148012362
Thomas's Bar,Smirnoff,Croston,113.74030949341075,163.53178479360798,1.5638132727166714
Thomas's Bar,Smirnoff,SBA,111.6899273520735,163.6591068560991,1.5356226090808371
Thomas's Bar,Sutter Home,Mean,49.011881526104396,64.63197711241965,3.3526916403300158
Thomas's Bar,Sutter Home,Intermittent Mean,49.011881526104396,64.63197711241965,3.3526916403300158
Thomas's Bar,Sutter Home,MA-7,14.618666666666668,60.898610657386925,1.0
Thomas's Bar,Sutter Home,MA-14,72.00152380952383,79.1631063694953,4.925314014697452
Thomas's Bar,Sutter Home,MA-30,62.222799999999985,72.15279735856863,4.256393651951841
Thomas's Bar,Sutter Home,Croston,44.04009472045155,62.53395368544369,3.012593126627021
Thomas's Bar,Sutter Home,SBA,42.52325665109564,61.98549815685278,2.908832769821391
Thomas's Bar,Yellow Tail,Mean,124.24087448559673,188.99444692345375,1.2161242461491961
Thomas's Bar,Yellow Tail,Intermittent Mean,124.24087448559666,188.99444692345375,1.2161242461491955
Thomas's Bar,Yellow Tail,MA-7,126.17800000000001,187.83180006460623,1.2350856814711373
Thomas's Bar,Yellow Tail,MA-14,137.77666666666664,182.6976814879938,1.3486185249474687
Thomas's Bar,Yellow Tail,MA-30,155.86735555555555,181.32180896743287,1.525698133235884
Thomas's Bar,Yellow Tail,Croston,135.98096141082252,183.28156548862046,1.3310413732281867
Thomas's Bar,Yellow Tail,SBA,134.28998000694807,183.90332411301867,1.3144893045667776
