Bar Name,Brand Name,total_consumption_ml,average_daily_consumption_ml,median_daily_consumption_ml,std_daily_consumption_ml,active_days,total_days,active_day_pct,coefficient_of_variation,zero_day_pct,active_mean,active_median,active_std,active_min,active_max,active_cv,demand_frequency,demand_variability,demand_class
Anderson's Bar,Absolut,13113.91,36.63103351955307,0.0,106.89478800339236,45,358,12.569832402234638,2.91814829484223,87.43016759776536,291.4202222222222,289.73,129.50750031788067,54.51,579.09,0.44440121323881515,Occasional,Low Variability,Occasional / Low Variability
Anderson's Bar,Bacardi,25966.47,71.14101369863015,0.0,159.65321028807494,69,365,18.904109589041095,2.244179580634077,81.0958904109589,376.32565217391306,386.25,141.0820553215737,30.09,635.05,0.37489353836653905,Occasional,Low Variability,Occasional / Low Variability
Anderson's Bar,Barefoot,26989.63,74.55698895027625,0.0,160.24697954308317,78,362,21.54696132596685,2.149322039412771,78.45303867403315,346.02089743589744,351.22,158.8694902193645,101.77,899.69,0.459132646024063,Occasional,Low Variability,Occasional / Low Variability
Anderson's Bar,Budweiser,10062.29,28.58605113636364,0.0,101.26809743100999,32,352,9.090909090909092,3.5425703588065454,90.9090909090909,314.4465625,274.905,152.73564635816874,111.89,574.1,0.48572846573308853,Intermittent,Low Variability,Intermittent / Low Variability
Anderson's Bar,Captain Morgan,27066.83,79.37486803519062,0.0,177.00297750003978,72,341,21.114369501466275,2.229962479075443,78.88563049853371,375.92819444444444,349.62,192.29744796506566,106.78,1097.26,0.5115270703471639,Occasional,Medium Variability,Occasional / Medium Variability
Anderson's Bar,Coors,21479.29,58.847369863013704,0.0,145.49203354456046,58,365,15.890410958904111,2.4723625521963046,84.10958904109589,370.33258620689656,390.515,133.41965791350086,137.04,599.53,0.3602698301006714,Occasional,Low Variability,Occasional / Low Variability
Anderson's Bar,Grey Goose,24026.36,67.48977528089888,0.0,154.6111076688776,66,356,18.53932584269663,2.290881945085332,81.46067415730337,364.0357575757576,374.675,144.71247678983323,103.8,810.42,0.39752269874125723,Occasional,Low Variability,Occasional / Low Variability
Anderson's Bar,Heineken,17413.71,48.91491573033708,0.0,137.21434699652588,45,356,12.640449438202248,2.8051637204687117,87.35955056179775,386.9713333333333,385.5,134.59066080324644,126.54,598.3,0.34780524863145706,Occasional,Low Variability,Occasional / Low Variability
Anderson's Bar,Jack Daniels,21454.32,59.76133704735376,0.0,144.69252086509763,65,359,18.105849582172702,2.4211727517148085,81.8941504178273,330.0664615384615,292.53,162.78094580438815,110.64,987.04,0.49317626833594497,Occasional,Low Variability,Occasional / Low Variability
Anderson's Bar,Jameson,23117.1,64.39303621169915,0.0,152.5886035505047,67,359,18.662952646239557,2.369644491507637,81.33704735376044,345.0313432835821,327.16,167.32617048742384,99.06,845.49,0.4849593341144606,Occasional,Low Variability,Occasional / Low Variability
Anderson's Bar,Jim Beam,25888.54,70.92750684931507,0.0,160.9074419207216,72,365,19.726027397260275,2.268618326914665,80.27397260273973,359.5630555555556,375.505,165.81194264264093,97.99,953.17,0.46114844136711247,Occasional,Low Variability,Occasional / Low Variability
Anderson's Bar,Malibu,13594.76,37.763222222222225,0.0,118.54973059257301,40,360,11.11111111111111,3.139290654143676,88.88888888888889,339.869,322.53,155.11321939068762,73.34,590.28,0.4563911959922429,Occasional,Low Variability,Occasional / Low Variability
Anderson's Bar,Miller,18180.3,50.083471074380164,0.0,145.92894591125224,49,363,13.498622589531681,2.9137147002956256,86.50137741046832,371.02653061224487,395.66,197.59185737852636,28.72,983.79,0.5325545239378774,Occasional,Medium Variability,Occasional / Medium Variability
Anderson's Bar,Smirnoff,24889.670000000002,69.52421787709498,0.0,160.35997017329606,72,358,20.11173184357542,2.3065339685917885,79.88826815642457,345.68986111111116,307.62,180.2462137165033,101.0,1069.03,0.5214101829228043,Occasional,Medium Variability,Occasional / Medium Variability
Anderson's Bar,Sutter Home,22815.74,63.37705555555556,0.0,164.13497354836937,59,360,16.38888888888889,2.5898169630883316,83.61111111111111,386.7074576271187,402.37,198.89962629421052,100.27,1180.58,0.5143413253902095,Occasional,Medium Variability,Occasional / Medium Variability
Anderson's Bar,Yellow Tail,19760.03,54.73692520775623,0.0,148.94438071052437,56,361,15.512465373961218,2.7210951317634287,84.48753462603878,352.85767857142855,367.14,195.19310933246754,2.14,1036.72,0.5531780125140591,Occasional,Medium Variability,Occasional / Medium Variability
Brown's Bar,Absolut,18358.23,50.99508333333333,0.0,137.0279416212301,53,360,14.722222222222223,2.6870814334302837,85.27777777777777,346.38169811320756,321.33,159.2074343999513,22.3,913.71,0.4596300418502992,Occasional,Low Variability,Occasional / Low Variability
Brown's Bar,Bacardi,23420.89,64.87781163434903,0.0,143.45479674574992,71,361,19.667590027700832,2.2111534457151594,80.33240997229917,329.8716901408451,332.08,131.04785691806217,134.75,597.96,0.3972691832454878,Occasional,Low Variability,Occasional / Low Variability
Brown's Bar,Barefoot,19246.22,53.910980392156866,0.0,137.775222890676,58,357,16.246498599439775,2.55560596168865,83.75350140056022,331.83137931034486,332.08,157.2058181085768,100.74,705.05,0.4737521160153762,Occasional,Low Variability,Occasional / Low Variability
Brown's Bar,Budweiser,16696.49,47.84094555873926,0.0,134.0472812813857,47,349,13.46704871060172,2.8019362852434018,86.53295128939828,355.2444680851064,334.91,156.0754123438342,106.48,598.89,0.4393464961893312,Occasional,Low Variability,Occasional / Low Variability
Brown's Bar,Captain Morgan,17887.5,50.81676136363637,0.0,130.2174305261902,55,352,15.625,2.562489757943757,84.375,325.22727272727275,324.34,138.99382358319414,84.73,587.16,0.42737444008808817,Occasional,Low Variability,Occasional / Low Variability
Brown's Bar,Coors,14029.01,39.74223796033994,0.0,138.16161751496804,36,353,10.198300283286118,3.4764428126278135,89.80169971671388,389.69472222222225,303.295,227.38964405978322,100.27,1024.38,0.5835071174767282,Occasional,Medium Variability,Occasional / Medium Variability
Brown's Bar,Grey Goose,27873.3,76.78595041322313,0.0,170.51190254745006,76,363,20.9366391184573,2.220613297482694,79.06336088154269,366.75394736842105,376.56,180.46365676651865,47.33,1125.23,0.4920564810860364,Occasional,Low Variability,Occasional / Low Variability
Brown's Bar,Heineken,19537.43,53.674258241758245,0.0,140.4352563914785,55,364,15.10989010989011,2.616435904133664,84.89010989010988,355.226,345.04,153.2102273517835,102.29,581.23,0.43130352888522655,Occasional,Low Variability,Occasional / Low Variability
Brown's Bar,Jack Daniels,18868.36,53.15030985915493,0.0,138.17051826325087,55,355,15.492957746478872,2.5996183019326566,84.50704225352112,343.0610909090909,342.22,154.44678004236462,50.71,593.42,0.45020197316195226,Occasional,Low Variability,Occasional / Low Variability
Brown's Bar,Jameson,23813.13,68.2324641833811,0.0,159.0715626373469,67,349,19.197707736389685,2.331317863734589,80.80229226361031,355.41985074626865,333.22,172.6302152043278,108.36,934.85,0.4857078602724616,Occasional,Low Variability,Occasional / Low Variability
Brown's Bar,Jim Beam,23777.58,65.32302197802198,0.0,153.62057814616165,66,364,18.13186813186813,2.351706542263882,81.86813186813187,360.2663636363637,354.29499999999996,154.59627197850006,102.45,960.19,0.42911658590070995,Occasional,Low Variability,Occasional / Low Variability
Brown's Bar,Malibu,19057.03,53.23192737430167,0.0,140.144432631751,55,358,15.363128491620111,2.6327138532167322,84.63687150837988,346.49145454545453,352.14,162.33192596262145,28.06,740.96,0.46850196111063375,Occasional,Low Variability,Occasional / Low Variability
Brown's Bar,Miller,16480.91,48.331114369501464,0.0,132.63837698326427,48,341,14.076246334310852,2.744368275252587,85.92375366568915,343.35229166666664,374.45,154.32638840608664,74.02,595.1,0.4494695161548822,Occasional,Low Variability,Occasional / Low Variability
Brown's Bar,Smirnoff,17102.29,47.37476454293629,0.0,129.42856713051523,51,361,14.127423822714682,2.7320149953085813,85.87257617728532,335.33901960784317,331.4,148.71336432553602,48.08,555.6,0.4434716976850665,Occasional,Low Variability,Occasional / Low Variability
Brown's Bar,Sutter Home,20634.920000000002,59.46662824207493,0.0,140.103862142174,65,347,18.73198847262248,2.3560081727156863,81.26801152737752,317.4603076923077,311.54,151.45063968964885,45.62,758.44,0.47706952970145633,Occasional,Low Variability,Occasional / Low Variability
Brown's Bar,Yellow Tail,29588.63,81.51137741046833,0.0,172.15836285644798,81,363,22.31404958677686,2.1120777040670897,77.68595041322314,365.29172839506174,338.96,170.75076433789485,102.22,1118.28,0.4674367117155976,Occasional,Low Variability,Occasional / Low Variability
Johnson's Bar,Absolut,26070.31,76.22897660818714,0.0,156.62193756093862,75,342,21.929824561403507,2.054624691683413,78.0701754385965,347.6041333333333,341.66,132.03411822679746,103.04,589.28,0.37984047243818003,Occasional,Low Variability,Occasional / Low Variability
Johnson's Bar,Bacardi,18711.57,53.15786931818182,0.0,138.30835868161498,55,352,15.625,2.6018416549722163,84.375,340.21036363636364,358.13,157.71206120019312,49.33,744.74,0.46357218373501646,Occasional,Low Variability,Occasional / Low Variability
Johnson's Bar,Barefoot,22087.13,62.569773371104816,0.0,151.41144913985306,66,353,18.69688385269122,2.4198816933828944,81.30311614730878,334.6534848484849,319.005,178.03206164571267,105.83,1176.86,0.5319892656319329,Occasional,Medium Variability,Occasional / Medium Variability
Johnson's Bar,Budweiser,19345.170000000002,54.95786931818182,0.0,149.90549315223123,52,352,14.772727272727273,2.727643829937157,85.22727272727273,372.02250000000004,370.93,185.4450070365981,101.15,1145.17,0.4984779335567018,Occasional,Low Variability,Occasional / Low Variability
Johnson's Bar,Captain Morgan,28319.66,78.88484679665738,0.0,157.71823517289266,86,359,23.955431754874652,1.999347676740062,76.04456824512536,329.29837209302326,306.275,146.07165989062042,119.81,1014.67,0.4435845186910209,Occasional,Low Variability,Occasional / Low Variability
Johnson's Bar,Coors,19542.98,53.396120218579235,0.0,142.14887004875885,57,366,15.573770491803279,2.662157277848401,84.42622950819671,342.859298245614,345.69,175.16965549615492,107.4,1143.32,0.5109082833467993,Occasional,Medium Variability,Occasional / Medium Variability
Johnson's Bar,Grey Goose,25454.61,69.54811475409836,0.0,160.5658221449809,71,366,19.398907103825135,2.308701288492065,80.60109289617486,358.5156338028169,352.05,171.324645168442,100.36,864.53,0.4778721735261071,Occasional,Low Variability,Occasional / Low Variability
Johnson's Bar,Heineken,19525.87,54.38961002785515,0.0,138.87037574926248,58,359,16.15598885793872,2.5532519111304763,83.84401114206128,336.6529310344827,336.825,156.30527819946676,101.28,599.08,0.4642920461710066,Occasional,Low Variability,Occasional / Low Variability
Johnson's Bar,Jack Daniels,19002.59,52.78497222222222,0.0,144.3028011761978,52,360,14.444444444444443,2.733785679922116,85.55555555555556,365.43442307692305,341.265,173.45479193368703,114.27,1013.84,0.4746536751333227,Occasional,Low Variability,Occasional / Low Variability
Johnson's Bar,Jameson,17708.62,49.19061111111111,0.0,127.71512116642994,58,360,16.11111111111111,2.5963312567503722,83.88888888888889,305.3210344827586,289.1,152.1764495656928,17.0,579.18,0.4984145616547299,Occasional,Low Variability,Occasional / Low Variability
Johnson's Bar,Jim Beam,16581.27,46.97243626062323,0.0,129.78751275582422,49,353,13.881019830028329,2.7630568709638013,86.11898016997166,338.39326530612243,319.86,151.19259313300478,26.66,593.56,0.44679551466909556,Occasional,Low Variability,Occasional / Low Variability
Johnson's Bar,Malibu,26356.51,72.4079945054945,0.0,163.4432475368389,67,364,18.40659340659341,2.2572541699720245,81.5934065934066,393.3807462686567,432.09,136.92232942398107,119.51,596.5,0.34806566087113705,Occasional,Low Variability,Occasional / Low Variability
Johnson's Bar,Miller,16325.26,45.85747191011236,0.0,133.4940758333674,48,356,13.48314606741573,2.9110648771706416,86.51685393258427,340.1095833333333,308.36,179.9878846863456,52.81,934.57,0.5292055664010613,Occasional,Medium Variability,Occasional / Medium Variability
Johnson's Bar,Smirnoff,25506.02,71.64612359550561,0.0,165.60294363794054,66,356,18.53932584269663,2.311401305852769,81.46067415730337,386.45484848484847,395.15,162.01240555769817,103.04,945.61,0.4192272556364372,Occasional,Low Variability,Occasional / Low Variability
Johnson's Bar,Sutter Home,22046.56,60.90209944751381,0.0,145.6811668548462,65,362,17.955801104972377,2.3920549238273145,82.04419889502762,339.1778461538462,317.27,154.43854519569737,101.54,630.78,0.4553320535140325,Occasional,Low Variability,Occasional / Low Variability
Johnson's Bar,Yellow Tail,21600.25,60.335893854748605,0.0,141.413814307266,67,358,18.71508379888268,2.343775906390029,81.28491620111731,322.39179104477614,299.9,149.68479922141617,105.68,596.15,0.4642946978777969,Occasional,Low Variability,Occasional / Low Variability
Smith's Bar,Absolut,27181.45,75.08687845303868,0.0,161.7536280923315,81,362,22.375690607734807,2.1542196376361082,77.62430939226519,335.5734567901235,327.67,171.93335786839404,91.81,1072.68,0.5123568458393469,Occasional,Medium Variability,Occasional / Medium Variability
Smith's Bar,Bacardi,19114.25,53.842957746478874,0.0,140.5159945235177,52,355,14.647887323943662,2.609737659382334,85.35211267605634,367.5817307692308,391.38,139.5200658521099,102.3,610.67,0.37956202436976155,Occasional,Low Variability,Occasional / Low Variability
Smith's Bar,Barefoot,21232.32,59.30815642458101,0.0,147.83444612476987,59,358,16.480446927374302,2.492649494387218,83.5195530726257,359.8698305084746,373.41,156.5039236975527,39.49,722.49,0.4348903698774137,Occasional,Low Variability,Occasional / Low Variability
Smith's Bar,Budweiser,13615.460000000001,38.46175141242938,0.0,115.30702291722888,43,354,12.146892655367232,2.997965996940171,87.85310734463276,316.63860465116284,332.33,146.86239488493976,110.7,579.52,0.46381708587535114,Occasional,Low Variability,Occasional / Low Variability
Smith's Bar,Captain Morgan,22119.31,60.43527322404372,0.0,141.1788307748943,69,366,18.852459016393443,2.336033631411256,81.14754098360656,320.56971014492757,301.07,149.5576552505167,102.6,581.71,0.46653707607903006,Occasional,Low Variability,Occasional / Low Variability
Smith's Bar,Coors,15173.35,42.98399433427762,0.0,125.96350524498054,42,353,11.89801699716714,2.930474638196452,88.10198300283287,361.2702380952381,366.435,135.75863277564585,116.82,583.52,0.3757813914908129,Occasional,Low Variability,Occasional / Low Variability
Smith's Bar,Grey Goose,25041.56,68.60701369863014,0.0,161.61982786098906,69,365,18.904109589041095,2.3557333157064098,81.0958904109589,362.9211594202899,371.75,177.31441370475073,112.56,1168.31,0.48857557379124145,Occasional,Low Variability,Occasional / Low Variability
Smith's Bar,Heineken,17079.0,47.9747191011236,0.0,133.67078763395327,48,356,13.48314606741573,2.7862755663497487,86.51685393258427,355.8125,347.8,151.9753444939098,101.89,595.44,0.42712199401063705,Occasional,Low Variability,Occasional / Low Variability
Smith's Bar,Jack Daniels,18084.16,51.375454545454545,0.0,135.70032014112007,52,352,14.772727272727273,2.6413453923032235,85.22727272727273,347.77230769230766,325.21000000000004,147.09129960028073,117.19,733.4,0.42295288137323483,Occasional,Low Variability,Occasional / Low Variability
Smith's Bar,Jameson,18083.46,52.11371757925072,0.0,142.07223344246552,54,347,15.561959654178676,2.7261964803492,84.43804034582132,334.87888888888887,340.4,187.86140452990784,99.12,940.78,0.560983121848088,Occasional,Medium Variability,Occasional / Medium Variability
Smith's Bar,Jim Beam,23928.05,67.40295774647888,0.0,150.512046023862,72,355,20.281690140845072,2.2330184172329552,79.71830985915493,332.33402777777775,335.265,153.83310020983203,111.92,992.02,0.4628869972734053,Occasional,Low Variability,Occasional / Low Variability
Smith's Bar,Malibu,24552.18,68.2005,0.0,152.81413399999073,73,360,20.27777777777778,2.240660024486488,79.72222222222223,336.3312328767123,316.52,158.12403980336663,109.86,720.76,0.4701437878691735,Occasional,Low Variability,Occasional / Low Variability
Smith's Bar,Miller,20572.98,57.78926966292135,0.0,142.32890235529212,59,356,16.573033707865168,2.4628949835407408,83.42696629213484,348.6945762711864,347.26,144.23575549488214,131.28,592.18,0.4136449641324712,Occasional,Low Variability,Occasional / Low Variability
Smith's Bar,Smirnoff,17018.2,48.90287356321839,0.0,137.70297022371565,51,348,14.655172413793101,2.815846190422785,85.34482758620689,333.69019607843137,279.37,186.1872104575413,30.54,1001.93,0.5579642813772671,Occasional,Medium Variability,Occasional / Medium Variability
Smith's Bar,Sutter Home,21832.97,60.64713888888889,0.0,141.9139270359936,65,360,18.055555555555554,2.339993767818015,81.94444444444444,335.8918461538462,361.91,138.1062525839741,104.99,616.87,0.41116286139532626,Occasional,Low Variability,Occasional / Low Variability
Smith's Bar,Yellow Tail,24085.21,67.08972144846797,0.0,156.7635427130446,67,359,18.662952646239557,2.3366253328903093,81.33704735376044,359.48074626865673,341.29,163.08958985518237,105.78,1077.61,0.4536810150418958,Occasional,Low Variability,Occasional / Low Variability
Taylor's Bar,Absolut,18506.079999999998,50.701589041095886,0.0,136.11971251780372,54,365,14.794520547945206,2.6847228083418186,85.20547945205479,342.70518518518514,329.36,159.03955856233037,3.34,700.57,0.4640710600173479,Occasional,Low Variability,Occasional / Low Variability
Taylor's Bar,Bacardi,16573.82,48.179709302325584,0.0,129.73145067552394,53,344,15.406976744186046,2.6926573977743353,84.59302325581395,312.71358490566035,292.2,163.40362190099353,21.16,765.39,0.5225344525735562,Occasional,Medium Variability,Occasional / Medium Variability
Taylor's Bar,Barefoot,21726.79,61.54898016997167,0.0,144.7054644888515,67,353,18.980169971671387,2.3510619361886675,81.01983002832861,324.28044776119407,293.69,158.70942233426234,100.05,592.53,0.48942026394122534,Occasional,Low Variability,Occasional / Low Variability
Taylor's Bar,Budweiser,22022.14,61.859943820224714,0.0,160.27003435662223,55,356,15.44943820224719,2.5908532154893904,84.5505617977528,400.4025454545454,408.18,175.50293971599515,100.26,1176.82,0.43831624376103934,Occasional,Low Variability,Occasional / Low Variability
Taylor's Bar,Captain Morgan,22766.61,63.065401662049865,0.0,158.91032105462958,66,361,18.282548476454295,2.519770220543211,81.7174515235457,344.94863636363635,304.47,202.80232055937066,58.54,1077.89,0.5879203428581797,Occasional,Medium Variability,Occasional / Medium Variability
Taylor's Bar,Coors,14578.49,40.16112947658402,0.0,116.2757425550652,49,363,13.498622589531681,2.895230887937548,86.50137741046832,297.52020408163264,281.96,154.2691635514828,42.58,653.2,0.518516596301994,Occasional,Medium Variability,Occasional / Medium Variability
Taylor's Bar,Grey Goose,28017.89,80.74319884726225,0.0,168.0888552968278,78,347,22.478386167146976,2.0817710679854637,77.52161383285303,359.20371794871795,364.565,160.11199406802388,103.93,711.3,0.44574147222741833,Occasional,Low Variability,Occasional / Low Variability
Taylor's Bar,Heineken,10108.67,30.26547904191617,0.0,104.92379333319724,31,334,9.281437125748502,3.466781186178585,90.71856287425149,326.08612903225804,284.34,150.07159088642592,116.51,580.85,0.460220713256957,Intermittent,Low Variability,Intermittent / Low Variability
Taylor's Bar,Jack Daniels,23096.93,64.15813888888889,0.0,149.2076444815598,69,360,19.166666666666668,2.325623016277987,80.83333333333333,334.73811594202897,326.99,160.0928917505246,4.33,954.65,0.4782631081613962,Occasional,Low Variability,Occasional / Low Variability
Taylor's Bar,Jameson,21441.19,59.89159217877095,0.0,143.89896143454152,66,358,18.435754189944134,2.4026571376666066,81.56424581005587,324.86651515151516,314.825,162.24338766653986,102.19,681.56,0.4994155448457679,Occasional,Low Variability,Occasional / Low Variability
Taylor's Bar,Jim Beam,24368.84,67.69122222222222,0.0,151.4385512129857,73,360,20.27777777777778,2.2371962898798157,79.72222222222223,333.8197260273973,340.32,155.81024615941413,107.29,952.32,0.46674966759341974,Occasional,Low Variability,Occasional / Low Variability
Taylor's Bar,Malibu,22042.69,60.55684065934066,0.0,149.54327166378437,64,364,17.582417582417584,2.469469510555087,82.41758241758241,344.41703125,333.52,171.86169327356268,107.71,1050.57,0.49899301625654635,Occasional,Low Variability,Occasional / Low Variability
Taylor's Bar,Miller,14317.58,40.217921348314604,0.0,127.02356727835092,41,356,11.51685393258427,3.1583822092206177,88.48314606741573,349.2092682926829,288.56,180.5486035308809,42.03,967.73,0.5170212245900576,Occasional,Medium Variability,Occasional / Medium Variability
Taylor's Bar,Smirnoff,23242.64,65.28831460674157,0.0,154.1983416690643,62,356,17.415730337078653,2.3618061302066757,82.58426966292134,374.88129032258064,376.20500000000004,142.8700293512686,105.24,599.56,0.38110738796361576,Occasional,Low Variability,Occasional / Low Variability
Taylor's Bar,Sutter Home,15951.02,43.70142465753425,0.0,131.24978380577883,46,365,12.602739726027398,3.0033296359172814,87.3972602739726,346.76130434782607,342.21500000000003,178.65758002526255,98.72,1126.0,0.5152177529187524,Occasional,Medium Variability,Occasional / Medium Variability
Taylor's Bar,Yellow Tail,16415.18,46.76689458689459,0.0,128.60857373235936,48,351,13.675213675213676,2.7499917381386094,86.32478632478633,341.98291666666665,348.445,141.64937922160215,34.87,588.65,0.41420016123106196,Occasional,Low Variability,Occasional / Low Variability
Thomas's Bar,Absolut,20429.04,56.74733333333334,0.0,139.896349410499,61,360,16.944444444444446,2.4652497517151875,83.05555555555554,334.9022950819672,338.72,149.64101821128952,107.7,596.39,0.44681992452355374,Occasional,Low Variability,Occasional / Low Variability
Thomas's Bar,Bacardi,24164.8,66.38681318681319,0.0,154.80340141997405,66,364,18.13186813186813,2.331839622793094,81.86813186813187,366.1333333333333,368.28499999999997,149.64836127333592,105.28,787.31,0.40872640551712286,Occasional,Low Variability,Occasional / Low Variability
Thomas's Bar,Barefoot,21030.86,58.58178272980501,0.0,140.53909069171982,63,359,17.548746518105848,2.3990237944776114,82.45125348189416,333.8231746031746,349.28,143.81772254764576,97.18,581.66,0.4308200672964245,Occasional,Low Variability,Occasional / Low Variability
Thomas's Bar,Budweiser,15071.1,42.334550561797755,0.0,134.43368749745594,39,356,10.955056179775282,3.175507610532364,89.04494382022472,386.4384615384615,377.7,179.88909930899766,29.11,1048.77,0.4655051637273264,Occasional,Low Variability,Occasional / Low Variability
Thomas's Bar,Captain Morgan,19875.62,56.46482954545454,0.0,139.08973135581155,62,352,17.613636363636363,2.4632985253916946,82.38636363636364,320.57451612903225,287.0,158.9455966074857,6.94,817.49,0.49581482186035525,Occasional,Low Variability,Occasional / Low Variability
Thomas's Bar,Coors,13196.2,36.964145658263305,0.0,116.75821300256248,38,357,10.644257703081232,3.1586882619174315,89.35574229691878,347.2684210526316,373.71500000000003,143.16175968210712,102.36,568.23,0.4122510168018119,Occasional,Low Variability,Occasional / Low Variability
Thomas's Bar,Grey Goose,28510.3,79.4158774373259,0.0,166.2791635486631,79,359,22.00557103064067,2.093777326579168,77.99442896935933,360.8898734177215,391.2,154.975105316733,113.86,598.95,0.4294249208188587,Occasional,Low Variability,Occasional / Low Variability
Thomas's Bar,Heineken,13302.41,37.261652661064424,0.0,118.50383056821283,39,357,10.92436974789916,3.180316011373276,89.07563025210084,341.0874358974359,344.19,158.75743337288839,82.57,850.54,0.4654449758759989,Occasional,Low Variability,Occasional / Low Variability
Thomas's Bar,Jack Daniels,24544.53,69.5312464589235,0.0,157.67786787729054,70,353,19.8300283286119,2.2677267546244955,80.16997167138811,350.63614285714283,355.045,163.82854079085382,101.15,1019.12,0.4672323265248823,Occasional,Low Variability,Occasional / Low Variability
Thomas's Bar,Jameson,15837.64,43.51,0.0,124.46365103374606,50,364,13.736263736263737,2.860575753476122,86.26373626373626,316.7528,322.82000000000005,162.61791054104305,28.31,596.14,0.5133906015701931,Occasional,Medium Variability,Occasional / Medium Variability
Thomas's Bar,Jim Beam,25158.15,69.88375,0.0,159.5879820127129,67,360,18.61111111111111,2.283620756080103,81.38888888888889,375.494776119403,395.44,148.45263913020153,31.25,587.57,0.39535207563845126,Occasional,Low Variability,Occasional / Low Variability
Thomas's Bar,Malibu,21676.34,59.550384615384615,0.0,148.78893510159645,62,364,17.032967032967033,2.498538608315846,82.96703296703296,349.6183870967742,338.055,169.3059502328289,109.69,1055.27,0.48425928521306605,Occasional,Low Variability,Occasional / Low Variability
Thomas's Bar,Miller,21842.3,61.527605633802814,0.0,161.95872707367218,55,355,15.492957746478872,2.632293673795966,84.50704225352112,397.13272727272727,393.84,190.28511819211505,118.67,983.63,0.47914741124177984,Occasional,Low Variability,Occasional / Low Variability
Thomas's Bar,Smirnoff,21417.85,58.84024725274725,0.0,141.98866757323432,62,364,17.032967032967033,2.413121531650343,82.96703296703296,345.4491935483871,350.32,139.072828170727,118.74,596.89,0.40258547644068265,Occasional,Low Variability,Occasional / Low Variability
Thomas's Bar,Sutter Home,13964.45,38.57582872928177,0.0,121.12893604033768,40,362,11.049723756906078,3.1400216153591614,88.95027624309392,349.11125000000004,348.265,156.91045529361236,13.73,569.26,0.4494568860029929,Occasional,Low Variability,Occasional / Low Variability
Thomas's Bar,Yellow Tail,18394.35,51.961440677966095,0.0,136.01698274199381,58,354,16.38418079096045,2.617652262279766,83.61581920903956,317.1439655172413,299.69500000000005,170.28657687247744,95.62,929.75,0.5369377802751222,Occasional,Medium Variability,Occasional / Medium Variability
